[{"text":"Standard Fonts","children":[{"id":"Arial, Helvetica, sans-serif","text":"Arial, Helvetica, sans-serif","variants":["regular","italic","700","700italic"]},{"id":"'Arial Black', Gadget, sans-serif","text":"'Arial Black', Gadget, sans-serif","variants":["regular","italic"]},{"id":"'Bookman Old Style', serif","text":"'Bookman Old Style', serif","variants":["regular","italic","700","700italic"]},{"id":"'Comic Sans MS', cursive","text":"'Comic Sans MS', cursive","variants":["regular","italic","700","700italic"]},{"id":"Courier, monospace","text":"Courier, monospace","variants":["regular","italic","700","700italic"]},{"id":"Garamond, serif","text":"Garamond, serif","variants":["regular","italic","700","700italic"]},{"id":"Georgia, serif","text":"Georgia, serif","variants":["regular","italic","700","700italic"]},{"id":"Impact, Charcoal, sans-serif","text":"Impact, Charcoal, sans-serif","variants":["regular","italic","700","700italic"]},{"id":"'Lucida Console', Monaco, monospace","text":"'Lucida Console', Monaco, monospace","variants":["regular","italic","700","700italic"]},{"id":"'Lucida Sans Unicode', 'Lucida Grande', sans-serif","text":"'Lucida Sans Unicode', 'Lucida Grande', sans-serif","variants":["regular","italic","700","700italic"]},{"id":"'MS Sans Serif', Geneva, sans-serif","text":"'MS Sans Serif', Geneva, sans-serif","variants":["regular","italic","700","700italic"]},{"id":"'MS Serif', 'New York', sans-serif","text":"'MS Serif', 'New York', sans-serif","variants":["regular","italic","700","700italic"]},{"id":"'Palatino Linotype', 'Book Antiqua', Palatino, serif","text":"'Palatino Linotype', 'Book Antiqua', Palatino, serif","variants":["regular","italic","700","700italic"]},{"id":"Tahoma,Geneva, sans-serif","text":"Tahoma,Geneva, sans-serif","variants":["regular","italic","700","700italic"]},{"id":"'Times New Roman', Times, serif","text":"'Times New Roman', Times, serif","variants":["regular","italic","700","700italic"]},{"id":"'Trebuchet MS', Helvetica, sans-serif","text":"'Trebuchet MS', Helvetica, sans-serif","variants":["regular","italic","700","700italic"]},{"id":"Verdana, Geneva, sans-serif","text":"Verdana, Geneva, sans-serif","variants":["regular","italic","700","700italic"]}]},{"text":"Google Fonts","children":[{"id":"ABeeZee","text":"ABeeZee","variants":["regular","italic"],"subsets":["latin"]},{"id":"Abel","text":"Abel","variants":["regular"],"subsets":["latin"]},{"id":"Abril Fatface","text":"Abril Fatface","variants":["regular"],"subsets":["latin","latin-ext"]},{"id":"Aclonica","text":"Aclonica","variants":["regular"],"subsets":["latin"]},{"id":"Acme","text":"Acme","variants":["regular"],"subsets":["latin"]},{"id":"Actor","text":"Actor","variants":["regular"],"subsets":["latin"]},{"id":"Adamina","text":"Adamina","variants":["regular"],"subsets":["latin"]},{"id":"Advent Pro","text":"Advent Pro","variants":["100","200","300","regular","500","600","700"],"subsets":["greek","latin","latin-ext"]},{"id":"Aguafina Script","text":"Aguafina Script","variants":["regular"],"subsets":["latin","latin-ext"]},{"id":"Akronim","text":"Akronim","variants":["regular"],"subsets":["latin","latin-ext"]},{"id":"Aladin","text":"Aladin","variants":["regular"],"subsets":["latin","latin-ext"]},{"id":"Aldrich","text":"Aldrich","variants":["regular"],"subsets":["latin"]},{"id":"Alef","text":"Alef","variants":["regular","700"],"subsets":["hebrew","latin"]},{"id":"Alegreya","text":"Alegreya","variants":["regular","italic","700","700italic","900","900italic"],"subsets":["latin","latin-ext"]},{"id":"Alegreya SC","text":"Alegreya SC","variants":["regular","italic","700","700italic","900","900italic"],"subsets":["latin","latin-ext"]},{"id":"Alegreya Sans","text":"Alegreya Sans","variants":["100","100italic","300","300italic","regular","italic","500","500italic","700","700italic","800","800italic","900","900italic"],"subsets":["latin","latin-ext","vietnamese"]},{"id":"Alegreya Sans SC","text":"Alegreya Sans SC","variants":["100","100italic","300","300italic","regular","italic","500","500italic","700","700italic","800","800italic","900","900italic"],"subsets":["latin","latin-ext","vietnamese"]},{"id":"Alex Brush","text":"Alex Brush","variants":["regular"],"subsets":["latin","latin-ext"]},{"id":"Alfa Slab One","text":"Alfa Slab One","variants":["regular"],"subsets":["latin"]},{"id":"Alice","text":"Alice","variants":["regular"],"subsets":["latin"]},{"id":"Alike","text":"Alike","variants":["regular"],"subsets":["latin"]},{"id":"Alike Angular","text":"Alike Angular","variants":["regular"],"subsets":["latin"]},{"id":"Allan","text":"Allan","variants":["regular","700"],"subsets":["latin","latin-ext"]},{"id":"Allerta","text":"Allerta","variants":["regular"],"subsets":["latin"]},{"id":"Allerta Stencil","text":"Allerta Stencil","variants":["regular"],"subsets":["latin"]},{"id":"Allura","text":"Allura","variants":["regular"],"subsets":["latin","latin-ext"]},{"id":"Almendra","text":"Almendra","variants":["regular","italic","700","700italic"],"subsets":["latin","latin-ext"]},{"id":"Almendra Display","text":"Almendra Display","variants":["regular"],"subsets":["latin","latin-ext"]},{"id":"Almendra SC","text":"Almendra SC","variants":["regular"],"subsets":["latin"]},{"id":"Amarante","text":"Amarante","variants":["regular"],"subsets":["latin","latin-ext"]},{"id":"Amaranth","text":"Amaranth","variants":["regular","italic","700","700italic"],"subsets":["latin"]},{"id":"Amatic SC","text":"Amatic SC","variants":["regular","700"],"subsets":["latin","latin-ext"]},{"id":"Amethysta","text":"Amethysta","variants":["regular"],"subsets":["latin"]},{"id":"Amiri","text":"Amiri","variants":["regular","italic","700","700italic"],"subsets":["arabic","latin"]},{"id":"Amita","text":"Amita","variants":["regular","700"],"subsets":["devanagari","latin","latin-ext"]},{"id":"Anaheim","text":"Anaheim","variants":["regular"],"subsets":["latin","latin-ext"]},{"id":"Andada","text":"Andada","variants":["regular"],"subsets":["latin","latin-ext"]},{"id":"Andika","text":"Andika","variants":["regular"],"subsets":["cyrillic","cyrillic-ext","latin","latin-ext","vietnamese"]},{"id":"Angkor","text":"Angkor","variants":["regular"],"subsets":["khmer"]},{"id":"Annie Use Your Telescope","text":"Annie Use Your Telescope","variants":["regular"],"subsets":["latin"]},{"id":"Anonymous Pro","text":"Anonymous Pro","variants":["regular","italic","700","700italic"],"subsets":["cyrillic","greek","latin","latin-ext"]},{"id":"Antic","text":"Antic","variants":["regular"],"subsets":["latin"]},{"id":"Antic Didone","text":"Antic Didone","variants":["regular"],"subsets":["latin"]},{"id":"Antic Slab","text":"Antic Slab","variants":["regular"],"subsets":["latin"]},{"id":"Anton","text":"Anton","variants":["regular"],"subsets":["latin","latin-ext"]},{"id":"Arapey","text":"Arapey","variants":["regular","italic"],"subsets":["latin"]},{"id":"Arbutus","text":"Arbutus","variants":["regular"],"subsets":["latin","latin-ext"]},{"id":"Arbutus Slab","text":"Arbutus Slab","variants":["regular"],"subsets":["latin","latin-ext"]},{"id":"Architects Daughter","text":"Architects Daughter","variants":["regular"],"subsets":["latin"]},{"id":"Archivo Black","text":"Archivo Black","variants":["regular"],"subsets":["latin","latin-ext"]},{"id":"Archivo Narrow","text":"Archivo Narrow","variants":["regular","italic","700","700italic"],"subsets":["latin","latin-ext"]},{"id":"Arimo","text":"Arimo","variants":["regular","italic","700","700italic"],"subsets":["cyrillic","cyrillic-ext","greek","greek-ext","hebrew","latin","latin-ext","vietnamese"]},{"id":"Arizonia","text":"Arizonia","variants":["regular"],"subsets":["latin","latin-ext"]},{"id":"Armata","text":"Armata","variants":["regular"],"subsets":["latin","latin-ext"]},{"id":"Artifika","text":"Artifika","variants":["regular"],"subsets":["latin"]},{"id":"Arvo","text":"Arvo","variants":["regular","italic","700","700italic"],"subsets":["latin"]},{"id":"Arya","text":"Arya","variants":["regular","700"],"subsets":["devanagari","latin","latin-ext"]},{"id":"Asap","text":"Asap","variants":["regular","italic","700","700italic"],"subsets":["latin","latin-ext"]},{"id":"Asar","text":"Asar","variants":["regular"],"subsets":["devanagari","latin","latin-ext"]},{"id":"Asset","text":"Asset","variants":["regular"],"subsets":["latin"]},{"id":"Astloch","text":"Astloch","variants":["regular","700"],"subsets":["latin"]},{"id":"Asul","text":"Asul","variants":["regular","700"],"subsets":["latin"]},{"id":"Atomic Age","text":"Atomic Age","variants":["regular"],"subsets":["latin"]},{"id":"Aubrey","text":"Aubrey","variants":["regular"],"subsets":["latin"]},{"id":"Audiowide","text":"Audiowide","variants":["regular"],"subsets":["latin","latin-ext"]},{"id":"Autour One","text":"Autour One","variants":["regular"],"subsets":["latin","latin-ext"]},{"id":"Average","text":"Average","variants":["regular"],"subsets":["latin","latin-ext"]},{"id":"Average Sans","text":"Average Sans","variants":["regular"],"subsets":["latin","latin-ext"]},{"id":"Averia Gruesa Libre","text":"Averia Gruesa Libre","variants":["regular"],"subsets":["latin","latin-ext"]},{"id":"Averia Libre","text":"Averia Libre","variants":["300","300italic","regular","italic","700","700italic"],"subsets":["latin"]},{"id":"Averia Sans Libre","text":"Averia Sans Libre","variants":["300","300italic","regular","italic","700","700italic"],"subsets":["latin"]},{"id":"Averia Serif Libre","text":"Averia Serif Libre","variants":["300","300italic","regular","italic","700","700italic"],"subsets":["latin"]},{"id":"Bad Script","text":"Bad Script","variants":["regular"],"subsets":["cyrillic","latin"]},{"id":"Balthazar","text":"Balthazar","variants":["regular"],"subsets":["latin"]},{"id":"Bangers","text":"Bangers","variants":["regular"],"subsets":["latin"]},{"id":"Basic","text":"Basic","variants":["regular"],"subsets":["latin","latin-ext"]},{"id":"Battambang","text":"Battambang","variants":["regular","700"],"subsets":["khmer"]},{"id":"Baumans","text":"Baumans","variants":["regular"],"subsets":["latin"]},{"id":"Bayon","text":"Bayon","variants":["regular"],"subsets":["khmer"]},{"id":"Belgrano","text":"Belgrano","variants":["regular"],"subsets":["latin"]},{"id":"Belleza","text":"Belleza","variants":["regular"],"subsets":["latin","latin-ext"]},{"id":"BenchNine","text":"BenchNine","variants":["300","regular","700"],"subsets":["latin","latin-ext"]},{"id":"Bentham","text":"Bentham","variants":["regular"],"subsets":["latin"]},{"id":"Berkshire Swash","text":"Berkshire Swash","variants":["regular"],"subsets":["latin","latin-ext"]},{"id":"Bevan","text":"Bevan","variants":["regular"],"subsets":["latin"]},{"id":"Bigelow Rules","text":"Bigelow Rules","variants":["regular"],"subsets":["latin","latin-ext"]},{"id":"Bigshot One","text":"Bigshot One","variants":["regular"],"subsets":["latin"]},{"id":"Bilbo","text":"Bilbo","variants":["regular"],"subsets":["latin","latin-ext"]},{"id":"Bilbo Swash Caps","text":"Bilbo Swash Caps","variants":["regular"],"subsets":["latin","latin-ext"]},{"id":"Biryani","text":"Biryani","variants":["200","300","regular","600","700","800","900"],"subsets":["devanagari","latin","latin-ext"]},{"id":"Bitter","text":"Bitter","variants":["regular","italic","700"],"subsets":["latin","latin-ext"]},{"id":"Black Ops One","text":"Black Ops One","variants":["regular"],"subsets":["latin","latin-ext"]},{"id":"Bokor","text":"Bokor","variants":["regular"],"subsets":["khmer"]},{"id":"Bonbon","text":"Bonbon","variants":["regular"],"subsets":["latin"]},{"id":"Boogaloo","text":"Boogaloo","variants":["regular"],"subsets":["latin"]},{"id":"Bowlby One","text":"Bowlby One","variants":["regular"],"subsets":["latin"]},{"id":"Bowlby One SC","text":"Bowlby One SC","variants":["regular"],"subsets":["latin","latin-ext"]},{"id":"Brawler","text":"Brawler","variants":["regular"],"subsets":["latin"]},{"id":"Bree Serif","text":"Bree Serif","variants":["regular"],"subsets":["latin","latin-ext"]},{"id":"Bubblegum Sans","text":"Bubblegum Sans","variants":["regular"],"subsets":["latin","latin-ext"]},{"id":"Bubbler One","text":"Bubbler One","variants":["regular"],"subsets":["latin","latin-ext"]},{"id":"Buda","text":"Buda","variants":["300"],"subsets":["latin"]},{"id":"Buenard","text":"Buenard","variants":["regular","700"],"subsets":["latin","latin-ext"]},{"id":"Butcherman","text":"Butcherman","variants":["regular"],"subsets":["latin","latin-ext"]},{"id":"Butterfly Kids","text":"Butterfly Kids","variants":["regular"],"subsets":["latin","latin-ext"]},{"id":"Cabin","text":"Cabin","variants":["regular","italic","500","500italic","600","600italic","700","700italic"],"subsets":["latin"]},{"id":"Cabin Condensed","text":"Cabin Condensed","variants":["regular","500","600","700"],"subsets":["latin"]},{"id":"Cabin Sketch","text":"Cabin Sketch","variants":["regular","700"],"subsets":["latin"]},{"id":"Caesar Dressing","text":"Caesar Dressing","variants":["regular"],"subsets":["latin"]},{"id":"Cagliostro","text":"Cagliostro","variants":["regular"],"subsets":["latin"]},{"id":"Calligraffitti","text":"Calligraffitti","variants":["regular"],"subsets":["latin"]},{"id":"Cambay","text":"Cambay","variants":["regular","italic","700","700italic"],"subsets":["devanagari","latin","latin-ext"]},{"id":"Cambo","text":"Cambo","variants":["regular"],"subsets":["latin"]},{"id":"Candal","text":"Candal","variants":["regular"],"subsets":["latin"]},{"id":"Cantarell","text":"Cantarell","variants":["regular","italic","700","700italic"],"subsets":["latin"]},{"id":"Cantata One","text":"Cantata One","variants":["regular"],"subsets":["latin","latin-ext"]},{"id":"Cantora One","text":"Cantora One","variants":["regular"],"subsets":["latin","latin-ext"]},{"id":"Capriola","text":"Capriola","variants":["regular"],"subsets":["latin","latin-ext"]},{"id":"Cardo","text":"Cardo","variants":["regular","italic","700"],"subsets":["greek","greek-ext","latin","latin-ext"]},{"id":"Carme","text":"Carme","variants":["regular"],"subsets":["latin"]},{"id":"Carrois Gothic","text":"Carrois Gothic","variants":["regular"],"subsets":["latin"]},{"id":"Carrois Gothic SC","text":"Carrois Gothic SC","variants":["regular"],"subsets":["latin"]},{"id":"Carter One","text":"Carter One","variants":["regular"],"subsets":["latin"]},{"id":"Catamaran","text":"Catamaran","variants":["100","200","300","regular","500","600","700","800","900"],"subsets":["latin","latin-ext","tamil"]},{"id":"Caudex","text":"Caudex","variants":["regular","italic","700","700italic"],"subsets":["greek","greek-ext","latin","latin-ext"]},{"id":"Caveat","text":"Caveat","variants":["regular","700"],"subsets":["latin","latin-ext"]},{"id":"Caveat Brush","text":"Caveat Brush","variants":["regular"],"subsets":["latin","latin-ext"]},{"id":"Cedarville Cursive","text":"Cedarville Cursive","variants":["regular"],"subsets":["latin"]},{"id":"Ceviche One","text":"Ceviche One","variants":["regular"],"subsets":["latin","latin-ext"]},{"id":"Changa One","text":"Changa One","variants":["regular","italic"],"subsets":["latin"]},{"id":"Chango","text":"Chango","variants":["regular"],"subsets":["latin","latin-ext"]},{"id":"Chau Philomene One","text":"Chau Philomene One","variants":["regular","italic"],"subsets":["latin","latin-ext"]},{"id":"Chela One","text":"Chela One","variants":["regular"],"subsets":["latin","latin-ext"]},{"id":"Chelsea Market","text":"Chelsea Market","variants":["regular"],"subsets":["latin","latin-ext"]},{"id":"Chenla","text":"Chenla","variants":["regular"],"subsets":["khmer"]},{"id":"Cherry Cream Soda","text":"Cherry Cream Soda","variants":["regular"],"subsets":["latin"]},{"id":"Cherry Swash","text":"Cherry Swash","variants":["regular","700"],"subsets":["latin","latin-ext"]},{"id":"Chewy","text":"Chewy","variants":["regular"],"subsets":["latin"]},{"id":"Chicle","text":"Chicle","variants":["regular"],"subsets":["latin","latin-ext"]},{"id":"Chivo","text":"Chivo","variants":["regular","italic","900","900italic"],"subsets":["latin"]},{"id":"Chonburi","text":"Chonburi","variants":["regular"],"subsets":["latin","latin-ext","thai","vietnamese"]},{"id":"Cinzel","text":"Cinzel","variants":["regular","700","900"],"subsets":["latin"]},{"id":"Cinzel Decorative","text":"Cinzel Decorative","variants":["regular","700","900"],"subsets":["latin"]},{"id":"Clicker Script","text":"Clicker Script","variants":["regular"],"subsets":["latin","latin-ext"]},{"id":"Coda","text":"Coda","variants":["regular","800"],"subsets":["latin","latin-ext"]},{"id":"Coda Caption","text":"Coda Caption","variants":["800"],"subsets":["latin","latin-ext"]},{"id":"Codystar","text":"Codystar","variants":["300","regular"],"subsets":["latin","latin-ext"]},{"id":"Combo","text":"Combo","variants":["regular"],"subsets":["latin","latin-ext"]},{"id":"Comfortaa","text":"Comfortaa","variants":["300","regular","700"],"subsets":["cyrillic","cyrillic-ext","greek","latin","latin-ext"]},{"id":"Coming Soon","text":"Coming Soon","variants":["regular"],"subsets":["latin"]},{"id":"Concert One","text":"Concert One","variants":["regular"],"subsets":["latin","latin-ext"]},{"id":"Condiment","text":"Condiment","variants":["regular"],"subsets":["latin","latin-ext"]},{"id":"Content","text":"Content","variants":["regular","700"],"subsets":["khmer"]},{"id":"Contrail One","text":"Contrail One","variants":["regular"],"subsets":["latin"]},{"id":"Convergence","text":"Convergence","variants":["regular"],"subsets":["latin"]},{"id":"Cookie","text":"Cookie","variants":["regular"],"subsets":["latin"]},{"id":"Copse","text":"Copse","variants":["regular"],"subsets":["latin"]},{"id":"Corben","text":"Corben","variants":["regular","700"],"subsets":["latin","latin-ext"]},{"id":"Courgette","text":"Courgette","variants":["regular"],"subsets":["latin","latin-ext"]},{"id":"Cousine","text":"Cousine","variants":["regular","italic","700","700italic"],"subsets":["cyrillic","cyrillic-ext","greek","greek-ext","hebrew","latin","latin-ext","vietnamese"]},{"id":"Coustard","text":"Coustard","variants":["regular","900"],"subsets":["latin"]},{"id":"Covered By Your Grace","text":"Covered By Your Grace","variants":["regular"],"subsets":["latin"]},{"id":"Crafty Girls","text":"Crafty Girls","variants":["regular"],"subsets":["latin"]},{"id":"Creepster","text":"Creepster","variants":["regular"],"subsets":["latin"]},{"id":"Crete Round","text":"Crete Round","variants":["regular","italic"],"subsets":["latin","latin-ext"]},{"id":"Crimson Text","text":"Crimson Text","variants":["regular","italic","600","600italic","700","700italic"],"subsets":["latin"]},{"id":"Croissant One","text":"Croissant One","variants":["regular"],"subsets":["latin","latin-ext"]},{"id":"Crushed","text":"Crushed","variants":["regular"],"subsets":["latin"]},{"id":"Cuprum","text":"Cuprum","variants":["regular","italic","700","700italic"],"subsets":["cyrillic","latin","latin-ext"]},{"id":"Cutive","text":"Cutive","variants":["regular"],"subsets":["latin","latin-ext"]},{"id":"Cutive Mono","text":"Cutive Mono","variants":["regular"],"subsets":["latin","latin-ext"]},{"id":"Damion","text":"Damion","variants":["regular"],"subsets":["latin"]},{"id":"Dancing Script","text":"Dancing Script","variants":["regular","700"],"subsets":["latin"]},{"id":"Dangrek","text":"Dangrek","variants":["regular"],"subsets":["khmer"]},{"id":"Dawning of a New Day","text":"Dawning of a New Day","variants":["regular"],"subsets":["latin"]},{"id":"Days One","text":"Days One","variants":["regular"],"subsets":["latin"]},{"id":"Dekko","text":"Dekko","variants":["regular"],"subsets":["devanagari","latin","latin-ext"]},{"id":"Delius","text":"Delius","variants":["regular"],"subsets":["latin"]},{"id":"Delius Swash Caps","text":"Delius Swash Caps","variants":["regular"],"subsets":["latin"]},{"id":"Delius Unicase","text":"Delius Unicase","variants":["regular","700"],"subsets":["latin"]},{"id":"Della Respira","text":"Della Respira","variants":["regular"],"subsets":["latin"]},{"id":"Denk One","text":"Denk One","variants":["regular"],"subsets":["latin","latin-ext"]},{"id":"Devonshire","text":"Devonshire","variants":["regular"],"subsets":["latin","latin-ext"]},{"id":"Dhurjati","text":"Dhurjati","variants":["regular"],"subsets":["latin","telugu"]},{"id":"Didact Gothic","text":"Didact Gothic","variants":["regular"],"subsets":["cyrillic","cyrillic-ext","greek","greek-ext","latin","latin-ext"]},{"id":"Diplomata","text":"Diplomata","variants":["regular"],"subsets":["latin","latin-ext"]},{"id":"Diplomata SC","text":"Diplomata SC","variants":["regular"],"subsets":["latin","latin-ext"]},{"id":"Domine","text":"Domine","variants":["regular","700"],"subsets":["latin","latin-ext"]},{"id":"Donegal One","text":"Donegal One","variants":["regular"],"subsets":["latin","latin-ext"]},{"id":"Doppio One","text":"Doppio One","variants":["regular"],"subsets":["latin","latin-ext"]},{"id":"Dorsa","text":"Dorsa","variants":["regular"],"subsets":["latin"]},{"id":"Dosis","text":"Dosis","variants":["200","300","regular","500","600","700","800"],"subsets":["latin","latin-ext"]},{"id":"Dr Sugiyama","text":"Dr Sugiyama","variants":["regular"],"subsets":["latin","latin-ext"]},{"id":"Droid Sans","text":"Droid Sans","variants":["regular","700"],"subsets":["latin"]},{"id":"Droid Sans Mono","text":"Droid Sans Mono","variants":["regular"],"subsets":["latin"]},{"id":"Droid Serif","text":"Droid Serif","variants":["regular","italic","700","700italic"],"subsets":["latin"]},{"id":"Duru Sans","text":"Duru Sans","variants":["regular"],"subsets":["latin","latin-ext"]},{"id":"Dynalight","text":"Dynalight","variants":["regular"],"subsets":["latin","latin-ext"]},{"id":"EB Garamond","text":"EB Garamond","variants":["regular"],"subsets":["cyrillic","cyrillic-ext","latin","latin-ext","vietnamese"]},{"id":"Eagle Lake","text":"Eagle Lake","variants":["regular"],"subsets":["latin","latin-ext"]},{"id":"Eater","text":"Eater","variants":["regular"],"subsets":["latin","latin-ext"]},{"id":"Economica","text":"Economica","variants":["regular","italic","700","700italic"],"subsets":["latin","latin-ext"]},{"id":"Eczar","text":"Eczar","variants":["regular","500","600","700","800"],"subsets":["devanagari","latin","latin-ext"]},{"id":"Ek Mukta","text":"Ek Mukta","variants":["200","300","regular","500","600","700","800"],"subsets":["devanagari","latin","latin-ext"]},{"id":"Electrolize","text":"Electrolize","variants":["regular"],"subsets":["latin"]},{"id":"Elsie","text":"Elsie","variants":["regular","900"],"subsets":["latin","latin-ext"]},{"id":"Elsie Swash Caps","text":"Elsie Swash Caps","variants":["regular","900"],"subsets":["latin","latin-ext"]},{"id":"Emblema One","text":"Emblema One","variants":["regular"],"subsets":["latin","latin-ext"]},{"id":"Emilys Candy","text":"Emilys Candy","variants":["regular"],"subsets":["latin","latin-ext"]},{"id":"Engagement","text":"Engagement","variants":["regular"],"subsets":["latin"]},{"id":"Englebert","text":"Englebert","variants":["regular"],"subsets":["latin","latin-ext"]},{"id":"Enriqueta","text":"Enriqueta","variants":["regular","700"],"subsets":["latin","latin-ext"]},{"id":"Erica One","text":"Erica One","variants":["regular"],"subsets":["latin","latin-ext"]},{"id":"Esteban","text":"Esteban","variants":["regular"],"subsets":["latin","latin-ext"]},{"id":"Euphoria Script","text":"Euphoria Script","variants":["regular"],"subsets":["latin","latin-ext"]},{"id":"Ewert","text":"Ewert","variants":["regular"],"subsets":["latin","latin-ext"]},{"id":"Exo","text":"Exo","variants":["100","100italic","200","200italic","300","300italic","regular","italic","500","500italic","600","600italic","700","700italic","800","800italic","900","900italic"],"subsets":["latin","latin-ext"]},{"id":"Exo 2","text":"Exo 2","variants":["100","100italic","200","200italic","300","300italic","regular","italic","500","500italic","600","600italic","700","700italic","800","800italic","900","900italic"],"subsets":["cyrillic","latin","latin-ext"]},{"id":"Expletus Sans","text":"Expletus Sans","variants":["regular","italic","500","500italic","600","600italic","700","700italic"],"subsets":["latin"]},{"id":"Fanwood Text","text":"Fanwood Text","variants":["regular","italic"],"subsets":["latin"]},{"id":"Fascinate","text":"Fascinate","variants":["regular"],"subsets":["latin"]},{"id":"Fascinate Inline","text":"Fascinate Inline","variants":["regular"],"subsets":["latin"]},{"id":"Faster One","text":"Faster One","variants":["regular"],"subsets":["latin"]},{"id":"Fasthand","text":"Fasthand","variants":["regular"],"subsets":["khmer"]},{"id":"Fauna One","text":"Fauna One","variants":["regular"],"subsets":["latin","latin-ext"]},{"id":"Federant","text":"Federant","variants":["regular"],"subsets":["latin"]},{"id":"Federo","text":"Federo","variants":["regular"],"subsets":["latin"]},{"id":"Felipa","text":"Felipa","variants":["regular"],"subsets":["latin","latin-ext"]},{"id":"Fenix","text":"Fenix","variants":["regular"],"subsets":["latin","latin-ext"]},{"id":"Finger Paint","text":"Finger Paint","variants":["regular"],"subsets":["latin"]},{"id":"Fira Mono","text":"Fira Mono","variants":["regular","700"],"subsets":["cyrillic","cyrillic-ext","greek","latin","latin-ext"]},{"id":"Fira Sans","text":"Fira Sans","variants":["300","300italic","regular","italic","500","500italic","700","700italic"],"subsets":["cyrillic","cyrillic-ext","greek","latin","latin-ext"]},{"id":"Fjalla One","text":"Fjalla One","variants":["regular"],"subsets":["latin","latin-ext"]},{"id":"Fjord One","text":"Fjord One","variants":["regular"],"subsets":["latin"]},{"id":"Flamenco","text":"Flamenco","variants":["300","regular"],"subsets":["latin"]},{"id":"Flavors","text":"Flavors","variants":["regular"],"subsets":["latin"]},{"id":"Fondamento","text":"Fondamento","variants":["regular","italic"],"subsets":["latin","latin-ext"]},{"id":"Fontdiner Swanky","text":"Fontdiner Swanky","variants":["regular"],"subsets":["latin"]},{"id":"Forum","text":"Forum","variants":["regular"],"subsets":["cyrillic","cyrillic-ext","latin","latin-ext"]},{"id":"Francois One","text":"Francois One","variants":["regular"],"subsets":["latin","latin-ext"]},{"id":"Freckle Face","text":"Freckle Face","variants":["regular"],"subsets":["latin","latin-ext"]},{"id":"Fredericka the Great","text":"Fredericka the Great","variants":["regular"],"subsets":["latin"]},{"id":"Fredoka One","text":"Fredoka One","variants":["regular"],"subsets":["latin"]},{"id":"Freehand","text":"Freehand","variants":["regular"],"subsets":["khmer"]},{"id":"Fresca","text":"Fresca","variants":["regular"],"subsets":["latin","latin-ext"]},{"id":"Frijole","text":"Frijole","variants":["regular"],"subsets":["latin"]},{"id":"Fruktur","text":"Fruktur","variants":["regular"],"subsets":["latin","latin-ext"]},{"id":"Fugaz One","text":"Fugaz One","variants":["regular"],"subsets":["latin"]},{"id":"GFS Didot","text":"GFS Didot","variants":["regular"],"subsets":["greek"]},{"id":"GFS Neohellenic","text":"GFS Neohellenic","variants":["regular","italic","700","700italic"],"subsets":["greek"]},{"id":"Gabriela","text":"Gabriela","variants":["regular"],"subsets":["latin","latin-ext"]},{"id":"Gafata","text":"Gafata","variants":["regular"],"subsets":["latin","latin-ext"]},{"id":"Galdeano","text":"Galdeano","variants":["regular"],"subsets":["latin"]},{"id":"Galindo","text":"Galindo","variants":["regular"],"subsets":["latin","latin-ext"]},{"id":"Gentium Basic","text":"Gentium Basic","variants":["regular","italic","700","700italic"],"subsets":["latin","latin-ext"]},{"id":"Gentium Book Basic","text":"Gentium Book Basic","variants":["regular","italic","700","700italic"],"subsets":["latin","latin-ext"]},{"id":"Geo","text":"Geo","variants":["regular","italic"],"subsets":["latin"]},{"id":"Geostar","text":"Geostar","variants":["regular"],"subsets":["latin"]},{"id":"Geostar Fill","text":"Geostar Fill","variants":["regular"],"subsets":["latin"]},{"id":"Germania One","text":"Germania One","variants":["regular"],"subsets":["latin"]},{"id":"Gidugu","text":"Gidugu","variants":["regular"],"subsets":["latin","telugu"]},{"id":"Gilda Display","text":"Gilda Display","variants":["regular"],"subsets":["latin","latin-ext"]},{"id":"Give You Glory","text":"Give You Glory","variants":["regular"],"subsets":["latin"]},{"id":"Glass Antiqua","text":"Glass Antiqua","variants":["regular"],"subsets":["latin","latin-ext"]},{"id":"Glegoo","text":"Glegoo","variants":["regular","700"],"subsets":["devanagari","latin","latin-ext"]},{"id":"Gloria Hallelujah","text":"Gloria Hallelujah","variants":["regular"],"subsets":["latin"]},{"id":"Goblin One","text":"Goblin One","variants":["regular"],"subsets":["latin"]},{"id":"Gochi Hand","text":"Gochi Hand","variants":["regular"],"subsets":["latin"]},{"id":"Gorditas","text":"Gorditas","variants":["regular","700"],"subsets":["latin"]},{"id":"Goudy Bookletter 1911","text":"Goudy Bookletter 1911","variants":["regular"],"subsets":["latin"]},{"id":"Graduate","text":"Graduate","variants":["regular"],"subsets":["latin"]},{"id":"Grand Hotel","text":"Grand Hotel","variants":["regular"],"subsets":["latin","latin-ext"]},{"id":"Gravitas One","text":"Gravitas One","variants":["regular"],"subsets":["latin"]},{"id":"Great Vibes","text":"Great Vibes","variants":["regular"],"subsets":["latin","latin-ext"]},{"id":"Griffy","text":"Griffy","variants":["regular"],"subsets":["latin","latin-ext"]},{"id":"Gruppo","text":"Gruppo","variants":["regular"],"subsets":["latin","latin-ext"]},{"id":"Gudea","text":"Gudea","variants":["regular","italic","700"],"subsets":["latin","latin-ext"]},{"id":"Gurajada","text":"Gurajada","variants":["regular"],"subsets":["latin","telugu"]},{"id":"Habibi","text":"Habibi","variants":["regular"],"subsets":["latin","latin-ext"]},{"id":"Halant","text":"Halant","variants":["300","regular","500","600","700"],"subsets":["devanagari","latin","latin-ext"]},{"id":"Hammersmith One","text":"Hammersmith One","variants":["regular"],"subsets":["latin","latin-ext"]},{"id":"Hanalei","text":"Hanalei","variants":["regular"],"subsets":["latin","latin-ext"]},{"id":"Hanalei Fill","text":"Hanalei Fill","variants":["regular"],"subsets":["latin","latin-ext"]},{"id":"Handlee","text":"Handlee","variants":["regular"],"subsets":["latin"]},{"id":"Hanuman","text":"Hanuman","variants":["regular","700"],"subsets":["khmer"]},{"id":"Happy Monkey","text":"Happy Monkey","variants":["regular"],"subsets":["latin","latin-ext"]},{"id":"Headland One","text":"Headland One","variants":["regular"],"subsets":["latin","latin-ext"]},{"id":"Henny Penny","text":"Henny Penny","variants":["regular"],"subsets":["latin"]},{"id":"Herr Von Muellerhoff","text":"Herr Von Muellerhoff","variants":["regular"],"subsets":["latin","latin-ext"]},{"id":"Hind","text":"Hind","variants":["300","regular","500","600","700"],"subsets":["devanagari","latin","latin-ext"]},{"id":"Hind Siliguri","text":"Hind Siliguri","variants":["300","regular","500","600","700"],"subsets":["bengali","latin","latin-ext"]},{"id":"Hind Vadodara","text":"Hind Vadodara","variants":["300","regular","500","600","700"],"subsets":["gujarati","latin","latin-ext"]},{"id":"Holtwood One SC","text":"Holtwood One SC","variants":["regular"],"subsets":["latin"]},{"id":"Homemade Apple","text":"Homemade Apple","variants":["regular"],"subsets":["latin"]},{"id":"Homenaje","text":"Homenaje","variants":["regular"],"subsets":["latin","latin-ext"]},{"id":"IM Fell DW Pica","text":"IM Fell DW Pica","variants":["regular","italic"],"subsets":["latin"]},{"id":"IM Fell DW Pica SC","text":"IM Fell DW Pica SC","variants":["regular"],"subsets":["latin"]},{"id":"IM Fell Double Pica","text":"IM Fell Double Pica","variants":["regular","italic"],"subsets":["latin"]},{"id":"IM Fell Double Pica SC","text":"IM Fell Double Pica SC","variants":["regular"],"subsets":["latin"]},{"id":"IM Fell English","text":"IM Fell English","variants":["regular","italic"],"subsets":["latin"]},{"id":"IM Fell English SC","text":"IM Fell English SC","variants":["regular"],"subsets":["latin"]},{"id":"IM Fell French Canon","text":"IM Fell French Canon","variants":["regular","italic"],"subsets":["latin"]},{"id":"IM Fell French Canon SC","text":"IM Fell French Canon SC","variants":["regular"],"subsets":["latin"]},{"id":"IM Fell Great Primer","text":"IM Fell Great Primer","variants":["regular","italic"],"subsets":["latin"]},{"id":"IM Fell Great Primer SC","text":"IM Fell Great Primer SC","variants":["regular"],"subsets":["latin"]},{"id":"Iceberg","text":"Iceberg","variants":["regular"],"subsets":["latin"]},{"id":"Iceland","text":"Iceland","variants":["regular"],"subsets":["latin"]},{"id":"Imprima","text":"Imprima","variants":["regular"],"subsets":["latin","latin-ext"]},{"id":"Inconsolata","text":"Inconsolata","variants":["regular","700"],"subsets":["latin","latin-ext"]},{"id":"Inder","text":"Inder","variants":["regular"],"subsets":["latin","latin-ext"]},{"id":"Indie Flower","text":"Indie Flower","variants":["regular"],"subsets":["latin"]},{"id":"Inika","text":"Inika","variants":["regular","700"],"subsets":["latin","latin-ext"]},{"id":"Inknut Antiqua","text":"Inknut Antiqua","variants":["300","regular","500","600","700","800","900"],"subsets":["devanagari","latin","latin-ext"]},{"id":"Irish Grover","text":"Irish Grover","variants":["regular"],"subsets":["latin"]},{"id":"Istok Web","text":"Istok Web","variants":["regular","italic","700","700italic"],"subsets":["cyrillic","cyrillic-ext","latin","latin-ext"]},{"id":"Italiana","text":"Italiana","variants":["regular"],"subsets":["latin"]},{"id":"Italianno","text":"Italianno","variants":["regular"],"subsets":["latin","latin-ext"]},{"id":"Itim","text":"Itim","variants":["regular"],"subsets":["latin","latin-ext","thai","vietnamese"]},{"id":"Jacques Francois","text":"Jacques Francois","variants":["regular"],"subsets":["latin"]},{"id":"Jacques Francois Shadow","text":"Jacques Francois Shadow","variants":["regular"],"subsets":["latin"]},{"id":"Jaldi","text":"Jaldi","variants":["regular","700"],"subsets":["devanagari","latin","latin-ext"]},{"id":"Jim Nightshade","text":"Jim Nightshade","variants":["regular"],"subsets":["latin","latin-ext"]},{"id":"Jockey One","text":"Jockey One","variants":["regular"],"subsets":["latin","latin-ext"]},{"id":"Jolly Lodger","text":"Jolly Lodger","variants":["regular"],"subsets":["latin","latin-ext"]},{"id":"Josefin Sans","text":"Josefin Sans","variants":["100","100italic","300","300italic","regular","italic","600","600italic","700","700italic"],"subsets":["latin","latin-ext"]},{"id":"Josefin Slab","text":"Josefin Slab","variants":["100","100italic","300","300italic","regular","italic","600","600italic","700","700italic"],"subsets":["latin"]},{"id":"Joti One","text":"Joti One","variants":["regular"],"subsets":["latin","latin-ext"]},{"id":"Judson","text":"Judson","variants":["regular","italic","700"],"subsets":["latin","latin-ext","vietnamese"]},{"id":"Julee","text":"Julee","variants":["regular"],"subsets":["latin"]},{"id":"Julius Sans One","text":"Julius Sans One","variants":["regular"],"subsets":["latin","latin-ext"]},{"id":"Junge","text":"Junge","variants":["regular"],"subsets":["latin"]},{"id":"Jura","text":"Jura","variants":["300","regular","500","600"],"subsets":["cyrillic","cyrillic-ext","greek","latin","latin-ext"]},{"id":"Just Another Hand","text":"Just Another Hand","variants":["regular"],"subsets":["latin"]},{"id":"Just Me Again Down Here","text":"Just Me Again Down Here","variants":["regular"],"subsets":["latin","latin-ext"]},{"id":"Kadwa","text":"Kadwa","variants":["regular","700"],"subsets":["devanagari","latin"]},{"id":"Kalam","text":"Kalam","variants":["300","regular","700"],"subsets":["devanagari","latin","latin-ext"]},{"id":"Kameron","text":"Kameron","variants":["regular","700"],"subsets":["latin"]},{"id":"Kanit","text":"Kanit","variants":["100","100italic","200","200italic","300","300italic","regular","italic","500","500italic","600","600italic","700","700italic","800","800italic","900","900italic"],"subsets":["latin","latin-ext","thai","vietnamese"]},{"id":"Kantumruy","text":"Kantumruy","variants":["300","regular","700"],"subsets":["khmer"]},{"id":"Karla","text":"Karla","variants":["regular","italic","700","700italic"],"subsets":["latin","latin-ext"]},{"id":"Karma","text":"Karma","variants":["300","regular","500","600","700"],"subsets":["devanagari","latin","latin-ext"]},{"id":"Kaushan Script","text":"Kaushan Script","variants":["regular"],"subsets":["latin","latin-ext"]},{"id":"Kavoon","text":"Kavoon","variants":["regular"],"subsets":["latin","latin-ext"]},{"id":"Kdam Thmor","text":"Kdam Thmor","variants":["regular"],"subsets":["khmer"]},{"id":"Keania One","text":"Keania One","variants":["regular"],"subsets":["latin","latin-ext"]},{"id":"Kelly Slab","text":"Kelly Slab","variants":["regular"],"subsets":["cyrillic","latin","latin-ext"]},{"id":"Kenia","text":"Kenia","variants":["regular"],"subsets":["latin"]},{"id":"Khand","text":"Khand","variants":["300","regular","500","600","700"],"subsets":["devanagari","latin","latin-ext"]},{"id":"Khmer","text":"Khmer","variants":["regular"],"subsets":["khmer"]},{"id":"Khula","text":"Khula","variants":["300","regular","600","700","800"],"subsets":["devanagari","latin","latin-ext"]},{"id":"Kite One","text":"Kite One","variants":["regular"],"subsets":["latin"]},{"id":"Knewave","text":"Knewave","variants":["regular"],"subsets":["latin","latin-ext"]},{"id":"Kotta One","text":"Kotta One","variants":["regular"],"subsets":["latin","latin-ext"]},{"id":"Koulen","text":"Koulen","variants":["regular"],"subsets":["khmer"]},{"id":"Kranky","text":"Kranky","variants":["regular"],"subsets":["latin"]},{"id":"Kreon","text":"Kreon","variants":["300","regular","700"],"subsets":["latin"]},{"id":"Kristi","text":"Kristi","variants":["regular"],"subsets":["latin"]},{"id":"Krona One","text":"Krona One","variants":["regular"],"subsets":["latin","latin-ext"]},{"id":"Kurale","text":"Kurale","variants":["regular"],"subsets":["cyrillic","devanagari","latin","latin-ext"]},{"id":"La Belle Aurore","text":"La Belle Aurore","variants":["regular"],"subsets":["latin"]},{"id":"Laila","text":"Laila","variants":["300","regular","500","600","700"],"subsets":["devanagari","latin","latin-ext"]},{"id":"Lakki Reddy","text":"Lakki Reddy","variants":["regular"],"subsets":["latin","telugu"]},{"id":"Lancelot","text":"Lancelot","variants":["regular"],"subsets":["latin","latin-ext"]},{"id":"Lateef","text":"Lateef","variants":["regular"],"subsets":["arabic","latin"]},{"id":"Lato","text":"Lato","variants":["100","100italic","300","300italic","regular","italic","700","700italic","900","900italic"],"subsets":["latin","latin-ext"]},{"id":"League Script","text":"League Script","variants":["regular"],"subsets":["latin"]},{"id":"Leckerli One","text":"Leckerli One","variants":["regular"],"subsets":["latin"]},{"id":"Ledger","text":"Ledger","variants":["regular"],"subsets":["cyrillic","latin","latin-ext"]},{"id":"Lekton","text":"Lekton","variants":["regular","italic","700"],"subsets":["latin","latin-ext"]},{"id":"Lemon","text":"Lemon","variants":["regular"],"subsets":["latin"]},{"id":"Libre Baskerville","text":"Libre Baskerville","variants":["regular","italic","700"],"subsets":["latin","latin-ext"]},{"id":"Life Savers","text":"Life Savers","variants":["regular","700"],"subsets":["latin","latin-ext"]},{"id":"Lilita One","text":"Lilita One","variants":["regular"],"subsets":["latin","latin-ext"]},{"id":"Lily Script One","text":"Lily Script One","variants":["regular"],"subsets":["latin","latin-ext"]},{"id":"Limelight","text":"Limelight","variants":["regular"],"subsets":["latin","latin-ext"]},{"id":"Linden Hill","text":"Linden Hill","variants":["regular","italic"],"subsets":["latin"]},{"id":"Lobster","text":"Lobster","variants":["regular"],"subsets":["cyrillic","latin","latin-ext","vietnamese"]},{"id":"Lobster Two","text":"Lobster Two","variants":["regular","italic","700","700italic"],"subsets":["latin"]},{"id":"Londrina Outline","text":"Londrina Outline","variants":["regular"],"subsets":["latin"]},{"id":"Londrina Shadow","text":"Londrina Shadow","variants":["regular"],"subsets":["latin"]},{"id":"Londrina Sketch","text":"Londrina Sketch","variants":["regular"],"subsets":["latin"]},{"id":"Londrina Solid","text":"Londrina Solid","variants":["regular"],"subsets":["latin"]},{"id":"Lora","text":"Lora","variants":["regular","italic","700","700italic"],"subsets":["cyrillic","latin","latin-ext"]},{"id":"Love Ya Like A Sister","text":"Love Ya Like A Sister","variants":["regular"],"subsets":["latin"]},{"id":"Loved by the King","text":"Loved by the King","variants":["regular"],"subsets":["latin"]},{"id":"Lovers Quarrel","text":"Lovers Quarrel","variants":["regular"],"subsets":["latin","latin-ext"]},{"id":"Luckiest Guy","text":"Luckiest Guy","variants":["regular"],"subsets":["latin"]},{"id":"Lusitana","text":"Lusitana","variants":["regular","700"],"subsets":["latin"]},{"id":"Lustria","text":"Lustria","variants":["regular"],"subsets":["latin"]},{"id":"Macondo","text":"Macondo","variants":["regular"],"subsets":["latin"]},{"id":"Macondo Swash Caps","text":"Macondo Swash Caps","variants":["regular"],"subsets":["latin"]},{"id":"Magra","text":"Magra","variants":["regular","700"],"subsets":["latin","latin-ext"]},{"id":"Maiden Orange","text":"Maiden Orange","variants":["regular"],"subsets":["latin"]},{"id":"Mako","text":"Mako","variants":["regular"],"subsets":["latin"]},{"id":"Mallanna","text":"Mallanna","variants":["regular"],"subsets":["latin","telugu"]},{"id":"Mandali","text":"Mandali","variants":["regular"],"subsets":["latin","telugu"]},{"id":"Marcellus","text":"Marcellus","variants":["regular"],"subsets":["latin","latin-ext"]},{"id":"Marcellus SC","text":"Marcellus SC","variants":["regular"],"subsets":["latin","latin-ext"]},{"id":"Marck Script","text":"Marck Script","variants":["regular"],"subsets":["cyrillic","latin","latin-ext"]},{"id":"Margarine","text":"Margarine","variants":["regular"],"subsets":["latin","latin-ext"]},{"id":"Marko One","text":"Marko One","variants":["regular"],"subsets":["latin"]},{"id":"Marmelad","text":"Marmelad","variants":["regular"],"subsets":["cyrillic","latin","latin-ext"]},{"id":"Martel","text":"Martel","variants":["200","300","regular","600","700","800","900"],"subsets":["devanagari","latin","latin-ext"]},{"id":"Martel Sans","text":"Martel Sans","variants":["200","300","regular","600","700","800","900"],"subsets":["devanagari","latin","latin-ext"]},{"id":"Marvel","text":"Marvel","variants":["regular","italic","700","700italic"],"subsets":["latin"]},{"id":"Mate","text":"Mate","variants":["regular","italic"],"subsets":["latin"]},{"id":"Mate SC","text":"Mate SC","variants":["regular"],"subsets":["latin"]},{"id":"Maven Pro","text":"Maven Pro","variants":["regular","500","700","900"],"subsets":["latin"]},{"id":"McLaren","text":"McLaren","variants":["regular"],"subsets":["latin","latin-ext"]},{"id":"Meddon","text":"Meddon","variants":["regular"],"subsets":["latin"]},{"id":"MedievalSharp","text":"MedievalSharp","variants":["regular"],"subsets":["latin","latin-ext"]},{"id":"Medula One","text":"Medula One","variants":["regular"],"subsets":["latin"]},{"id":"Megrim","text":"Megrim","variants":["regular"],"subsets":["latin"]},{"id":"Meie Script","text":"Meie Script","variants":["regular"],"subsets":["latin","latin-ext"]},{"id":"Merienda","text":"Merienda","variants":["regular","700"],"subsets":["latin","latin-ext"]},{"id":"Merienda One","text":"Merienda One","variants":["regular"],"subsets":["latin"]},{"id":"Merriweather","text":"Merriweather","variants":["300","300italic","regular","italic","700","700italic","900","900italic"],"subsets":["cyrillic","cyrillic-ext","latin","latin-ext"]},{"id":"Merriweather Sans","text":"Merriweather Sans","variants":["300","300italic","regular","italic","700","700italic","800","800italic"],"subsets":["latin","latin-ext"]},{"id":"Metal","text":"Metal","variants":["regular"],"subsets":["khmer"]},{"id":"Metal Mania","text":"Metal Mania","variants":["regular"],"subsets":["latin","latin-ext"]},{"id":"Metamorphous","text":"Metamorphous","variants":["regular"],"subsets":["latin","latin-ext"]},{"id":"Metrophobic","text":"Metrophobic","variants":["regular"],"subsets":["latin"]},{"id":"Michroma","text":"Michroma","variants":["regular"],"subsets":["latin"]},{"id":"Milonga","text":"Milonga","variants":["regular"],"subsets":["latin","latin-ext"]},{"id":"Miltonian","text":"Miltonian","variants":["regular"],"subsets":["latin"]},{"id":"Miltonian Tattoo","text":"Miltonian Tattoo","variants":["regular"],"subsets":["latin"]},{"id":"Miniver","text":"Miniver","variants":["regular"],"subsets":["latin"]},{"id":"Miss Fajardose","text":"Miss Fajardose","variants":["regular"],"subsets":["latin","latin-ext"]},{"id":"Modak","text":"Modak","variants":["regular"],"subsets":["devanagari","latin","latin-ext"]},{"id":"Modern Antiqua","text":"Modern Antiqua","variants":["regular"],"subsets":["latin","latin-ext"]},{"id":"Molengo","text":"Molengo","variants":["regular"],"subsets":["latin","latin-ext"]},{"id":"Molle","text":"Molle","variants":["italic"],"subsets":["latin","latin-ext"]},{"id":"Monda","text":"Monda","variants":["regular","700"],"subsets":["latin","latin-ext"]},{"id":"Monofett","text":"Monofett","variants":["regular"],"subsets":["latin"]},{"id":"Monoton","text":"Monoton","variants":["regular"],"subsets":["latin"]},{"id":"Monsieur La Doulaise","text":"Monsieur La Doulaise","variants":["regular"],"subsets":["latin","latin-ext"]},{"id":"Montaga","text":"Montaga","variants":["regular"],"subsets":["latin"]},{"id":"Montez","text":"Montez","variants":["regular"],"subsets":["latin"]},{"id":"Montserrat","text":"Montserrat","variants":["regular","700"],"subsets":["latin"]},{"id":"Montserrat Alternates","text":"Montserrat Alternates","variants":["regular","700"],"subsets":["latin"]},{"id":"Montserrat Subrayada","text":"Montserrat Subrayada","variants":["regular","700"],"subsets":["latin"]},{"id":"Moul","text":"Moul","variants":["regular"],"subsets":["khmer"]},{"id":"Moulpali","text":"Moulpali","variants":["regular"],"subsets":["khmer"]},{"id":"Mountains of Christmas","text":"Mountains of Christmas","variants":["regular","700"],"subsets":["latin"]},{"id":"Mouse Memoirs","text":"Mouse Memoirs","variants":["regular"],"subsets":["latin","latin-ext"]},{"id":"Mr Bedfort","text":"Mr Bedfort","variants":["regular"],"subsets":["latin","latin-ext"]},{"id":"Mr Dafoe","text":"Mr Dafoe","variants":["regular"],"subsets":["latin","latin-ext"]},{"id":"Mr De Haviland","text":"Mr De Haviland","variants":["regular"],"subsets":["latin","latin-ext"]},{"id":"Mrs Saint Delafield","text":"Mrs Saint Delafield","variants":["regular"],"subsets":["latin","latin-ext"]},{"id":"Mrs Sheppards","text":"Mrs Sheppards","variants":["regular"],"subsets":["latin","latin-ext"]},{"id":"Muli","text":"Muli","variants":["300","300italic","regular","italic"],"subsets":["latin"]},{"id":"Mystery Quest","text":"Mystery Quest","variants":["regular"],"subsets":["latin","latin-ext"]},{"id":"NTR","text":"NTR","variants":["regular"],"subsets":["latin","telugu"]},{"id":"Neucha","text":"Neucha","variants":["regular"],"subsets":["cyrillic","latin"]},{"id":"Neuton","text":"Neuton","variants":["200","300","regular","italic","700","800"],"subsets":["latin","latin-ext"]},{"id":"New Rocker","text":"New Rocker","variants":["regular"],"subsets":["latin","latin-ext"]},{"id":"News Cycle","text":"News Cycle","variants":["regular","700"],"subsets":["latin","latin-ext"]},{"id":"Niconne","text":"Niconne","variants":["regular"],"subsets":["latin","latin-ext"]},{"id":"Nixie One","text":"Nixie One","variants":["regular"],"subsets":["latin"]},{"id":"Nobile","text":"Nobile","variants":["regular","italic","700","700italic"],"subsets":["latin"]},{"id":"Nokora","text":"Nokora","variants":["regular","700"],"subsets":["khmer"]},{"id":"Norican","text":"Norican","variants":["regular"],"subsets":["latin","latin-ext"]},{"id":"Nosifer","text":"Nosifer","variants":["regular"],"subsets":["latin","latin-ext"]},{"id":"Nothing You Could Do","text":"Nothing You Could Do","variants":["regular"],"subsets":["latin"]},{"id":"Noticia Text","text":"Noticia Text","variants":["regular","italic","700","700italic"],"subsets":["latin","latin-ext","vietnamese"]},{"id":"Noto Sans","text":"Noto Sans","variants":["regular","italic","700","700italic"],"subsets":["cyrillic","cyrillic-ext","devanagari","greek","greek-ext","latin","latin-ext","vietnamese"]},{"id":"Noto Serif","text":"Noto Serif","variants":["regular","italic","700","700italic"],"subsets":["cyrillic","cyrillic-ext","greek","greek-ext","latin","latin-ext","vietnamese"]},{"id":"Nova Cut","text":"Nova Cut","variants":["regular"],"subsets":["latin"]},{"id":"Nova Flat","text":"Nova Flat","variants":["regular"],"subsets":["latin"]},{"id":"Nova Mono","text":"Nova Mono","variants":["regular"],"subsets":["greek","latin"]},{"id":"Nova Oval","text":"Nova Oval","variants":["regular"],"subsets":["latin"]},{"id":"Nova Round","text":"Nova Round","variants":["regular"],"subsets":["latin"]},{"id":"Nova Script","text":"Nova Script","variants":["regular"],"subsets":["latin"]},{"id":"Nova Slim","text":"Nova Slim","variants":["regular"],"subsets":["latin"]},{"id":"Nova Square","text":"Nova Square","variants":["regular"],"subsets":["latin"]},{"id":"Numans","text":"Numans","variants":["regular"],"subsets":["latin"]},{"id":"Nunito","text":"Nunito","variants":["300","regular","700"],"subsets":["latin"]},{"id":"Odor Mean Chey","text":"Odor Mean Chey","variants":["regular"],"subsets":["khmer"]},{"id":"Offside","text":"Offside","variants":["regular"],"subsets":["latin"]},{"id":"Old Standard TT","text":"Old Standard TT","variants":["regular","italic","700"],"subsets":["latin"]},{"id":"Oldenburg","text":"Oldenburg","variants":["regular"],"subsets":["latin","latin-ext"]},{"id":"Oleo Script","text":"Oleo Script","variants":["regular","700"],"subsets":["latin","latin-ext"]},{"id":"Oleo Script Swash Caps","text":"Oleo Script Swash Caps","variants":["regular","700"],"subsets":["latin","latin-ext"]},{"id":"Open Sans","text":"Open Sans","variants":["300","300italic","regular","italic","600","600italic","700","700italic","800","800italic"],"subsets":["cyrillic","cyrillic-ext","greek","greek-ext","latin","latin-ext","vietnamese"]},{"id":"Open Sans Condensed","text":"Open Sans Condensed","variants":["300","300italic","700"],"subsets":["cyrillic","cyrillic-ext","greek","greek-ext","latin","latin-ext","vietnamese"]},{"id":"Oranienbaum","text":"Oranienbaum","variants":["regular"],"subsets":["cyrillic","cyrillic-ext","latin","latin-ext"]},{"id":"Orbitron","text":"Orbitron","variants":["regular","500","700","900"],"subsets":["latin"]},{"id":"Oregano","text":"Oregano","variants":["regular","italic"],"subsets":["latin","latin-ext"]},{"id":"Orienta","text":"Orienta","variants":["regular"],"subsets":["latin","latin-ext"]},{"id":"Original Surfer","text":"Original Surfer","variants":["regular"],"subsets":["latin"]},{"id":"Oswald","text":"Oswald","variants":["300","regular","700"],"subsets":["latin","latin-ext"]},{"id":"Over the Rainbow","text":"Over the Rainbow","variants":["regular"],"subsets":["latin"]},{"id":"Overlock","text":"Overlock","variants":["regular","italic","700","700italic","900","900italic"],"subsets":["latin","latin-ext"]},{"id":"Overlock SC","text":"Overlock SC","variants":["regular"],"subsets":["latin","latin-ext"]},{"id":"Ovo","text":"Ovo","variants":["regular"],"subsets":["latin"]},{"id":"Oxygen","text":"Oxygen","variants":["300","regular","700"],"subsets":["latin","latin-ext"]},{"id":"Oxygen Mono","text":"Oxygen Mono","variants":["regular"],"subsets":["latin","latin-ext"]},{"id":"PT Mono","text":"PT Mono","variants":["regular"],"subsets":["cyrillic","cyrillic-ext","latin","latin-ext"]},{"id":"PT Sans","text":"PT Sans","variants":["regular","italic","700","700italic"],"subsets":["cyrillic","cyrillic-ext","latin","latin-ext"]},{"id":"PT Sans Caption","text":"PT Sans Caption","variants":["regular","700"],"subsets":["cyrillic","cyrillic-ext","latin","latin-ext"]},{"id":"PT Sans Narrow","text":"PT Sans Narrow","variants":["regular","700"],"subsets":["cyrillic","cyrillic-ext","latin","latin-ext"]},{"id":"PT Serif","text":"PT Serif","variants":["regular","italic","700","700italic"],"subsets":["cyrillic","cyrillic-ext","latin","latin-ext"]},{"id":"PT Serif Caption","text":"PT Serif Caption","variants":["regular","italic"],"subsets":["cyrillic","cyrillic-ext","latin","latin-ext"]},{"id":"Pacifico","text":"Pacifico","variants":["regular"],"subsets":["latin"]},{"id":"Palanquin","text":"Palanquin","variants":["100","200","300","regular","500","600","700"],"subsets":["devanagari","latin","latin-ext"]},{"id":"Palanquin Dark","text":"Palanquin Dark","variants":["regular","500","600","700"],"subsets":["devanagari","latin","latin-ext"]},{"id":"Paprika","text":"Paprika","variants":["regular"],"subsets":["latin"]},{"id":"Parisienne","text":"Parisienne","variants":["regular"],"subsets":["latin","latin-ext"]},{"id":"Passero One","text":"Passero One","variants":["regular"],"subsets":["latin","latin-ext"]},{"id":"Passion One","text":"Passion One","variants":["regular","700","900"],"subsets":["latin","latin-ext"]},{"id":"Pathway Gothic One","text":"Pathway Gothic One","variants":["regular"],"subsets":["latin","latin-ext"]},{"id":"Patrick Hand","text":"Patrick Hand","variants":["regular"],"subsets":["latin","latin-ext","vietnamese"]},{"id":"Patrick Hand SC","text":"Patrick Hand SC","variants":["regular"],"subsets":["latin","latin-ext","vietnamese"]},{"id":"Patua One","text":"Patua One","variants":["regular"],"subsets":["latin"]},{"id":"Paytone One","text":"Paytone One","variants":["regular"],"subsets":["latin"]},{"id":"Peddana","text":"Peddana","variants":["regular"],"subsets":["latin","telugu"]},{"id":"Peralta","text":"Peralta","variants":["regular"],"subsets":["latin","latin-ext"]},{"id":"Permanent Marker","text":"Permanent Marker","variants":["regular"],"subsets":["latin"]},{"id":"Petit Formal Script","text":"Petit Formal Script","variants":["regular"],"subsets":["latin","latin-ext"]},{"id":"Petrona","text":"Petrona","variants":["regular"],"subsets":["latin"]},{"id":"Philosopher","text":"Philosopher","variants":["regular","italic","700","700italic"],"subsets":["cyrillic","latin"]},{"id":"Piedra","text":"Piedra","variants":["regular"],"subsets":["latin","latin-ext"]},{"id":"Pinyon Script","text":"Pinyon Script","variants":["regular"],"subsets":["latin"]},{"id":"Pirata One","text":"Pirata One","variants":["regular"],"subsets":["latin","latin-ext"]},{"id":"Plaster","text":"Plaster","variants":["regular"],"subsets":["latin","latin-ext"]},{"id":"Play","text":"Play","variants":["regular","700"],"subsets":["cyrillic","cyrillic-ext","greek","latin","latin-ext"]},{"id":"Playball","text":"Playball","variants":["regular"],"subsets":["latin","latin-ext"]},{"id":"Playfair Display","text":"Playfair Display","variants":["regular","italic","700","700italic","900","900italic"],"subsets":["cyrillic","latin","latin-ext"]},{"id":"Playfair Display SC","text":"Playfair Display SC","variants":["regular","italic","700","700italic","900","900italic"],"subsets":["cyrillic","latin","latin-ext"]},{"id":"Podkova","text":"Podkova","variants":["regular","700"],"subsets":["latin"]},{"id":"Poiret One","text":"Poiret One","variants":["regular"],"subsets":["cyrillic","latin","latin-ext"]},{"id":"Poller One","text":"Poller One","variants":["regular"],"subsets":["latin"]},{"id":"Poly","text":"Poly","variants":["regular","italic"],"subsets":["latin"]},{"id":"Pompiere","text":"Pompiere","variants":["regular"],"subsets":["latin"]},{"id":"Pontano Sans","text":"Pontano Sans","variants":["regular"],"subsets":["latin","latin-ext"]},{"id":"Poppins","text":"Poppins","variants":["300","regular","500","600","700"],"subsets":["devanagari","latin","latin-ext"]},{"id":"Port Lligat Sans","text":"Port Lligat Sans","variants":["regular"],"subsets":["latin"]},{"id":"Port Lligat Slab","text":"Port Lligat Slab","variants":["regular"],"subsets":["latin"]},{"id":"Pragati Narrow","text":"Pragati Narrow","variants":["regular","700"],"subsets":["devanagari","latin","latin-ext"]},{"id":"Prata","text":"Prata","variants":["regular"],"subsets":["latin"]},{"id":"Preahvihear","text":"Preahvihear","variants":["regular"],"subsets":["khmer"]},{"id":"Press Start 2P","text":"Press Start 2P","variants":["regular"],"subsets":["cyrillic","greek","latin","latin-ext"]},{"id":"Princess Sofia","text":"Princess Sofia","variants":["regular"],"subsets":["latin","latin-ext"]},{"id":"Prociono","text":"Prociono","variants":["regular"],"subsets":["latin"]},{"id":"Prosto One","text":"Prosto One","variants":["regular"],"subsets":["cyrillic","latin","latin-ext"]},{"id":"Puritan","text":"Puritan","variants":["regular","italic","700","700italic"],"subsets":["latin"]},{"id":"Purple Purse","text":"Purple Purse","variants":["regular"],"subsets":["latin","latin-ext"]},{"id":"Quando","text":"Quando","variants":["regular"],"subsets":["latin","latin-ext"]},{"id":"Quantico","text":"Quantico","variants":["regular","italic","700","700italic"],"subsets":["latin"]},{"id":"Quattrocento","text":"Quattrocento","variants":["regular","700"],"subsets":["latin","latin-ext"]},{"id":"Quattrocento Sans","text":"Quattrocento Sans","variants":["regular","italic","700","700italic"],"subsets":["latin","latin-ext"]},{"id":"Questrial","text":"Questrial","variants":["regular"],"subsets":["latin"]},{"id":"Quicksand","text":"Quicksand","variants":["300","regular","700"],"subsets":["latin"]},{"id":"Quintessential","text":"Quintessential","variants":["regular"],"subsets":["latin","latin-ext"]},{"id":"Qwigley","text":"Qwigley","variants":["regular"],"subsets":["latin","latin-ext"]},{"id":"Racing Sans One","text":"Racing Sans One","variants":["regular"],"subsets":["latin","latin-ext"]},{"id":"Radley","text":"Radley","variants":["regular","italic"],"subsets":["latin","latin-ext"]},{"id":"Rajdhani","text":"Rajdhani","variants":["300","regular","500","600","700"],"subsets":["devanagari","latin","latin-ext"]},{"id":"Raleway","text":"Raleway","variants":["100","100italic","200","200italic","300","300italic","regular","italic","500","500italic","600","600italic","700","700italic","800","800italic","900","900italic"],"subsets":["latin","latin-ext"]},{"id":"Raleway Dots","text":"Raleway Dots","variants":["regular"],"subsets":["latin","latin-ext"]},{"id":"Ramabhadra","text":"Ramabhadra","variants":["regular"],"subsets":["latin","telugu"]},{"id":"Ramaraja","text":"Ramaraja","variants":["regular"],"subsets":["latin","telugu"]},{"id":"Rambla","text":"Rambla","variants":["regular","italic","700","700italic"],"subsets":["latin","latin-ext"]},{"id":"Rammetto One","text":"Rammetto One","variants":["regular"],"subsets":["latin","latin-ext"]},{"id":"Ranchers","text":"Ranchers","variants":["regular"],"subsets":["latin","latin-ext"]},{"id":"Rancho","text":"Rancho","variants":["regular"],"subsets":["latin"]},{"id":"Ranga","text":"Ranga","variants":["regular","700"],"subsets":["devanagari","latin","latin-ext"]},{"id":"Rationale","text":"Rationale","variants":["regular"],"subsets":["latin"]},{"id":"Ravi Prakash","text":"Ravi Prakash","variants":["regular"],"subsets":["latin","telugu"]},{"id":"Redressed","text":"Redressed","variants":["regular"],"subsets":["latin"]},{"id":"Reenie Beanie","text":"Reenie Beanie","variants":["regular"],"subsets":["latin"]},{"id":"Revalia","text":"Revalia","variants":["regular"],"subsets":["latin","latin-ext"]},{"id":"Rhodium Libre","text":"Rhodium Libre","variants":["regular"],"subsets":["devanagari","latin","latin-ext"]},{"id":"Ribeye","text":"Ribeye","variants":["regular"],"subsets":["latin","latin-ext"]},{"id":"Ribeye Marrow","text":"Ribeye Marrow","variants":["regular"],"subsets":["latin","latin-ext"]},{"id":"Righteous","text":"Righteous","variants":["regular"],"subsets":["latin","latin-ext"]},{"id":"Risque","text":"Risque","variants":["regular"],"subsets":["latin","latin-ext"]},{"id":"Roboto","text":"Roboto","variants":["100","100italic","300","300italic","regular","italic","500","500italic","700","700italic","900","900italic"],"subsets":["cyrillic","cyrillic-ext","greek","greek-ext","latin","latin-ext","vietnamese"]},{"id":"Roboto Condensed","text":"Roboto Condensed","variants":["300","300italic","regular","italic","700","700italic"],"subsets":["cyrillic","cyrillic-ext","greek","greek-ext","latin","latin-ext","vietnamese"]},{"id":"Roboto Mono","text":"Roboto Mono","variants":["100","100italic","300","300italic","regular","italic","500","500italic","700","700italic"],"subsets":["cyrillic","cyrillic-ext","greek","greek-ext","latin","latin-ext","vietnamese"]},{"id":"Roboto Slab","text":"Roboto Slab","variants":["100","300","regular","700"],"subsets":["cyrillic","cyrillic-ext","greek","greek-ext","latin","latin-ext","vietnamese"]},{"id":"Rochester","text":"Rochester","variants":["regular"],"subsets":["latin"]},{"id":"Rock Salt","text":"Rock Salt","variants":["regular"],"subsets":["latin"]},{"id":"Rokkitt","text":"Rokkitt","variants":["regular","700"],"subsets":["latin"]},{"id":"Romanesco","text":"Romanesco","variants":["regular"],"subsets":["latin","latin-ext"]},{"id":"Ropa Sans","text":"Ropa Sans","variants":["regular","italic"],"subsets":["latin","latin-ext"]},{"id":"Rosario","text":"Rosario","variants":["regular","italic","700","700italic"],"subsets":["latin"]},{"id":"Rosarivo","text":"Rosarivo","variants":["regular","italic"],"subsets":["latin","latin-ext"]},{"id":"Rouge Script","text":"Rouge Script","variants":["regular"],"subsets":["latin"]},{"id":"Rozha One","text":"Rozha One","variants":["regular"],"subsets":["devanagari","latin","latin-ext"]},{"id":"Rubik","text":"Rubik","variants":["300","300italic","regular","italic","500","500italic","700","700italic","900","900italic"],"subsets":["cyrillic","latin","latin-ext"]},{"id":"Rubik Mono One","text":"Rubik Mono One","variants":["regular"],"subsets":["cyrillic","latin","latin-ext"]},{"id":"Rubik One","text":"Rubik One","variants":["regular"],"subsets":["cyrillic","latin","latin-ext"]},{"id":"Ruda","text":"Ruda","variants":["regular","700","900"],"subsets":["latin","latin-ext"]},{"id":"Rufina","text":"Rufina","variants":["regular","700"],"subsets":["latin","latin-ext"]},{"id":"Ruge Boogie","text":"Ruge Boogie","variants":["regular"],"subsets":["latin","latin-ext"]},{"id":"Ruluko","text":"Ruluko","variants":["regular"],"subsets":["latin","latin-ext"]},{"id":"Rum Raisin","text":"Rum Raisin","variants":["regular"],"subsets":["latin","latin-ext"]},{"id":"Ruslan Display","text":"Ruslan Display","variants":["regular"],"subsets":["cyrillic","latin","latin-ext"]},{"id":"Russo One","text":"Russo One","variants":["regular"],"subsets":["cyrillic","latin","latin-ext"]},{"id":"Ruthie","text":"Ruthie","variants":["regular"],"subsets":["latin","latin-ext"]},{"id":"Rye","text":"Rye","variants":["regular"],"subsets":["latin","latin-ext"]},{"id":"Sacramento","text":"Sacramento","variants":["regular"],"subsets":["latin","latin-ext"]},{"id":"Sahitya","text":"Sahitya","variants":["regular","700"],"subsets":["devanagari","latin"]},{"id":"Sail","text":"Sail","variants":["regular"],"subsets":["latin","latin-ext"]},{"id":"Salsa","text":"Salsa","variants":["regular"],"subsets":["latin"]},{"id":"Sanchez","text":"Sanchez","variants":["regular","italic"],"subsets":["latin","latin-ext"]},{"id":"Sancreek","text":"Sancreek","variants":["regular"],"subsets":["latin","latin-ext"]},{"id":"Sansita One","text":"Sansita One","variants":["regular"],"subsets":["latin"]},{"id":"Sarala","text":"Sarala","variants":["regular","700"],"subsets":["devanagari","latin","latin-ext"]},{"id":"Sarina","text":"Sarina","variants":["regular"],"subsets":["latin","latin-ext"]},{"id":"Sarpanch","text":"Sarpanch","variants":["regular","500","600","700","800","900"],"subsets":["devanagari","latin","latin-ext"]},{"id":"Satisfy","text":"Satisfy","variants":["regular"],"subsets":["latin"]},{"id":"Scada","text":"Scada","variants":["regular","italic","700","700italic"],"subsets":["cyrillic","latin","latin-ext"]},{"id":"Scheherazade","text":"Scheherazade","variants":["regular","700"],"subsets":["arabic","latin"]},{"id":"Schoolbell","text":"Schoolbell","variants":["regular"],"subsets":["latin"]},{"id":"Seaweed Script","text":"Seaweed Script","variants":["regular"],"subsets":["latin","latin-ext"]},{"id":"Sevillana","text":"Sevillana","variants":["regular"],"subsets":["latin","latin-ext"]},{"id":"Seymour One","text":"Seymour One","variants":["regular"],"subsets":["cyrillic","latin","latin-ext"]},{"id":"Shadows Into Light","text":"Shadows Into Light","variants":["regular"],"subsets":["latin"]},{"id":"Shadows Into Light Two","text":"Shadows Into Light Two","variants":["regular"],"subsets":["latin","latin-ext"]},{"id":"Shanti","text":"Shanti","variants":["regular"],"subsets":["latin"]},{"id":"Share","text":"Share","variants":["regular","italic","700","700italic"],"subsets":["latin","latin-ext"]},{"id":"Share Tech","text":"Share Tech","variants":["regular"],"subsets":["latin"]},{"id":"Share Tech Mono","text":"Share Tech Mono","variants":["regular"],"subsets":["latin"]},{"id":"Shojumaru","text":"Shojumaru","variants":["regular"],"subsets":["latin","latin-ext"]},{"id":"Short Stack","text":"Short Stack","variants":["regular"],"subsets":["latin"]},{"id":"Siemreap","text":"Siemreap","variants":["regular"],"subsets":["khmer"]},{"id":"Sigmar One","text":"Sigmar One","variants":["regular"],"subsets":["latin"]},{"id":"Signika","text":"Signika","variants":["300","regular","600","700"],"subsets":["latin","latin-ext"]},{"id":"Signika Negative","text":"Signika Negative","variants":["300","regular","600","700"],"subsets":["latin","latin-ext"]},{"id":"Simonetta","text":"Simonetta","variants":["regular","italic","900","900italic"],"subsets":["latin","latin-ext"]},{"id":"Sintony","text":"Sintony","variants":["regular","700"],"subsets":["latin","latin-ext"]},{"id":"Sirin Stencil","text":"Sirin Stencil","variants":["regular"],"subsets":["latin"]},{"id":"Six Caps","text":"Six Caps","variants":["regular"],"subsets":["latin"]},{"id":"Skranji","text":"Skranji","variants":["regular","700"],"subsets":["latin","latin-ext"]},{"id":"Slabo 13px","text":"Slabo 13px","variants":["regular"],"subsets":["latin","latin-ext"]},{"id":"Slabo 27px","text":"Slabo 27px","variants":["regular"],"subsets":["latin","latin-ext"]},{"id":"Slackey","text":"Slackey","variants":["regular"],"subsets":["latin"]},{"id":"Smokum","text":"Smokum","variants":["regular"],"subsets":["latin"]},{"id":"Smythe","text":"Smythe","variants":["regular"],"subsets":["latin"]},{"id":"Sniglet","text":"Sniglet","variants":["regular","800"],"subsets":["latin","latin-ext"]},{"id":"Snippet","text":"Snippet","variants":["regular"],"subsets":["latin"]},{"id":"Snowburst One","text":"Snowburst One","variants":["regular"],"subsets":["latin","latin-ext"]},{"id":"Sofadi One","text":"Sofadi One","variants":["regular"],"subsets":["latin"]},{"id":"Sofia","text":"Sofia","variants":["regular"],"subsets":["latin"]},{"id":"Sonsie One","text":"Sonsie One","variants":["regular"],"subsets":["latin","latin-ext"]},{"id":"Sorts Mill Goudy","text":"Sorts Mill Goudy","variants":["regular","italic"],"subsets":["latin","latin-ext"]},{"id":"Source Code Pro","text":"Source Code Pro","variants":["200","300","regular","500","600","700","900"],"subsets":["latin","latin-ext"]},{"id":"Source Sans Pro","text":"Source Sans Pro","variants":["200","200italic","300","300italic","regular","italic","600","600italic","700","700italic","900","900italic"],"subsets":["latin","latin-ext","vietnamese"]},{"id":"Source Serif Pro","text":"Source Serif Pro","variants":["regular","600","700"],"subsets":["latin","latin-ext"]},{"id":"Special Elite","text":"Special Elite","variants":["regular"],"subsets":["latin"]},{"id":"Spicy Rice","text":"Spicy Rice","variants":["regular"],"subsets":["latin"]},{"id":"Spinnaker","text":"Spinnaker","variants":["regular"],"subsets":["latin","latin-ext"]},{"id":"Spirax","text":"Spirax","variants":["regular"],"subsets":["latin"]},{"id":"Squada One","text":"Squada One","variants":["regular"],"subsets":["latin"]},{"id":"Sree Krushnadevaraya","text":"Sree Krushnadevaraya","variants":["regular"],"subsets":["latin","telugu"]},{"id":"Stalemate","text":"Stalemate","variants":["regular"],"subsets":["latin","latin-ext"]},{"id":"Stalinist One","text":"Stalinist One","variants":["regular"],"subsets":["cyrillic","latin","latin-ext"]},{"id":"Stardos Stencil","text":"Stardos Stencil","variants":["regular","700"],"subsets":["latin"]},{"id":"Stint Ultra Condensed","text":"Stint Ultra Condensed","variants":["regular"],"subsets":["latin","latin-ext"]},{"id":"Stint Ultra Expanded","text":"Stint Ultra Expanded","variants":["regular"],"subsets":["latin","latin-ext"]},{"id":"Stoke","text":"Stoke","variants":["300","regular"],"subsets":["latin","latin-ext"]},{"id":"Strait","text":"Strait","variants":["regular"],"subsets":["latin"]},{"id":"Sue Ellen Francisco","text":"Sue Ellen Francisco","variants":["regular"],"subsets":["latin"]},{"id":"Sumana","text":"Sumana","variants":["regular","700"],"subsets":["devanagari","latin","latin-ext"]},{"id":"Sunshiney","text":"Sunshiney","variants":["regular"],"subsets":["latin"]},{"id":"Supermercado One","text":"Supermercado One","variants":["regular"],"subsets":["latin"]},{"id":"Sura","text":"Sura","variants":["regular","700"],"subsets":["devanagari","latin","latin-ext"]},{"id":"Suranna","text":"Suranna","variants":["regular"],"subsets":["latin","telugu"]},{"id":"Suravaram","text":"Suravaram","variants":["regular"],"subsets":["latin","telugu"]},{"id":"Suwannaphum","text":"Suwannaphum","variants":["regular"],"subsets":["khmer"]},{"id":"Swanky and Moo Moo","text":"Swanky and Moo Moo","variants":["regular"],"subsets":["latin"]},{"id":"Syncopate","text":"Syncopate","variants":["regular","700"],"subsets":["latin"]},{"id":"Tangerine","text":"Tangerine","variants":["regular","700"],"subsets":["latin"]},{"id":"Taprom","text":"Taprom","variants":["regular"],"subsets":["khmer"]},{"id":"Tauri","text":"Tauri","variants":["regular"],"subsets":["latin","latin-ext"]},{"id":"Teko","text":"Teko","variants":["300","regular","500","600","700"],"subsets":["devanagari","latin","latin-ext"]},{"id":"Telex","text":"Telex","variants":["regular"],"subsets":["latin"]},{"id":"Tenali Ramakrishna","text":"Tenali Ramakrishna","variants":["regular"],"subsets":["latin","telugu"]},{"id":"Tenor Sans","text":"Tenor Sans","variants":["regular"],"subsets":["cyrillic","latin","latin-ext"]},{"id":"Text Me One","text":"Text Me One","variants":["regular"],"subsets":["latin","latin-ext"]},{"id":"The Girl Next Door","text":"The Girl Next Door","variants":["regular"],"subsets":["latin"]},{"id":"Tienne","text":"Tienne","variants":["regular","700","900"],"subsets":["latin"]},{"id":"Tillana","text":"Tillana","variants":["regular","500","600","700","800"],"subsets":["devanagari","latin","latin-ext"]},{"id":"Timmana","text":"Timmana","variants":["regular"],"subsets":["latin","telugu"]},{"id":"Tinos","text":"Tinos","variants":["regular","italic","700","700italic"],"subsets":["cyrillic","cyrillic-ext","greek","greek-ext","hebrew","latin","latin-ext","vietnamese"]},{"id":"Titan One","text":"Titan One","variants":["regular"],"subsets":["latin","latin-ext"]},{"id":"Titillium Web","text":"Titillium Web","variants":["200","200italic","300","300italic","regular","italic","600","600italic","700","700italic","900"],"subsets":["latin","latin-ext"]},{"id":"Trade Winds","text":"Trade Winds","variants":["regular"],"subsets":["latin"]},{"id":"Trocchi","text":"Trocchi","variants":["regular"],"subsets":["latin","latin-ext"]},{"id":"Trochut","text":"Trochut","variants":["regular","italic","700"],"subsets":["latin"]},{"id":"Trykker","text":"Trykker","variants":["regular"],"subsets":["latin","latin-ext"]},{"id":"Tulpen One","text":"Tulpen One","variants":["regular"],"subsets":["latin"]},{"id":"Ubuntu","text":"Ubuntu","variants":["300","300italic","regular","italic","500","500italic","700","700italic"],"subsets":["cyrillic","cyrillic-ext","greek","greek-ext","latin","latin-ext"]},{"id":"Ubuntu Condensed","text":"Ubuntu Condensed","variants":["regular"],"subsets":["cyrillic","cyrillic-ext","greek","greek-ext","latin","latin-ext"]},{"id":"Ubuntu Mono","text":"Ubuntu Mono","variants":["regular","italic","700","700italic"],"subsets":["cyrillic","cyrillic-ext","greek","greek-ext","latin","latin-ext"]},{"id":"Ultra","text":"Ultra","variants":["regular"],"subsets":["latin"]},{"id":"Uncial Antiqua","text":"Uncial Antiqua","variants":["regular"],"subsets":["latin"]},{"id":"Underdog","text":"Underdog","variants":["regular"],"subsets":["cyrillic","latin","latin-ext"]},{"id":"Unica One","text":"Unica One","variants":["regular"],"subsets":["latin","latin-ext"]},{"id":"UnifrakturCook","text":"UnifrakturCook","variants":["700"],"subsets":["latin"]},{"id":"UnifrakturMaguntia","text":"UnifrakturMaguntia","variants":["regular"],"subsets":["latin"]},{"id":"Unkempt","text":"Unkempt","variants":["regular","700"],"subsets":["latin"]},{"id":"Unlock","text":"Unlock","variants":["regular"],"subsets":["latin"]},{"id":"Unna","text":"Unna","variants":["regular"],"subsets":["latin"]},{"id":"VT323","text":"VT323","variants":["regular"],"subsets":["latin"]},{"id":"Vampiro One","text":"Vampiro One","variants":["regular"],"subsets":["latin","latin-ext"]},{"id":"Varela","text":"Varela","variants":["regular"],"subsets":["latin","latin-ext"]},{"id":"Varela Round","text":"Varela Round","variants":["regular"],"subsets":["latin"]},{"id":"Vast Shadow","text":"Vast Shadow","variants":["regular"],"subsets":["latin"]},{"id":"Vesper Libre","text":"Vesper Libre","variants":["regular","500","700","900"],"subsets":["devanagari","latin","latin-ext"]},{"id":"Vibur","text":"Vibur","variants":["regular"],"subsets":["latin"]},{"id":"Vidaloka","text":"Vidaloka","variants":["regular"],"subsets":["latin"]},{"id":"Viga","text":"Viga","variants":["regular"],"subsets":["latin","latin-ext"]},{"id":"Voces","text":"Voces","variants":["regular"],"subsets":["latin","latin-ext"]},{"id":"Volkhov","text":"Volkhov","variants":["regular","italic","700","700italic"],"subsets":["latin"]},{"id":"Vollkorn","text":"Vollkorn","variants":["regular","italic","700","700italic"],"subsets":["latin"]},{"id":"Voltaire","text":"Voltaire","variants":["regular"],"subsets":["latin"]},{"id":"Waiting for the Sunrise","text":"Waiting for the Sunrise","variants":["regular"],"subsets":["latin"]},{"id":"Wallpoet","text":"Wallpoet","variants":["regular"],"subsets":["latin"]},{"id":"Walter Turncoat","text":"Walter Turncoat","variants":["regular"],"subsets":["latin"]},{"id":"Warnes","text":"Warnes","variants":["regular"],"subsets":["latin","latin-ext"]},{"id":"Wellfleet","text":"Wellfleet","variants":["regular"],"subsets":["latin","latin-ext"]},{"id":"Wendy One","text":"Wendy One","variants":["regular"],"subsets":["latin","latin-ext"]},{"id":"Wire One","text":"Wire One","variants":["regular"],"subsets":["latin"]},{"id":"Work Sans","text":"Work Sans","variants":["100","200","300","regular","500","600","700","800","900"],"subsets":["latin","latin-ext"]},{"id":"Yanone Kaffeesatz","text":"Yanone Kaffeesatz","variants":["200","300","regular","700"],"subsets":["latin","latin-ext"]},{"id":"Yantramanav","text":"Yantramanav","variants":["100","300","regular","500","700","900"],"subsets":["devanagari","latin","latin-ext"]},{"id":"Yellowtail","text":"Yellowtail","variants":["regular"],"subsets":["latin"]},{"id":"Yeseva One","text":"Yeseva One","variants":["regular"],"subsets":["cyrillic","latin","latin-ext"]},{"id":"Yesteryear","text":"Yesteryear","variants":["regular"],"subsets":["latin"]},{"id":"Zeyada","text":"Zeyada","variants":["regular"],"subsets":["latin"]}]}]